{
    "name": "root",
    "gauges": {
        "MoleculeBehaviour.Policy.Entropy.mean": {
            "value": 0.26244744658470154,
            "min": 0.26244744658470154,
            "max": 0.26244744658470154,
            "count": 1
        },
        "MoleculeBehaviour.Policy.Entropy.sum": {
            "value": 2624.474365234375,
            "min": 2624.474365234375,
            "max": 2624.474365234375,
            "count": 1
        },
        "MoleculeBehaviour.Step.mean": {
            "value": 9936.0,
            "min": 9936.0,
            "max": 9936.0,
            "count": 1
        },
        "MoleculeBehaviour.Step.sum": {
            "value": 9936.0,
            "min": 9936.0,
            "max": 9936.0,
            "count": 1
        },
        "MoleculeBehaviour.Policy.ExtrinsicValueEstimate.mean": {
            "value": 0.2596249282360077,
            "min": 0.2596249282360077,
            "max": 0.2596249282360077,
            "count": 1
        },
        "MoleculeBehaviour.Policy.ExtrinsicValueEstimate.sum": {
            "value": 44.13623809814453,
            "min": 44.13623809814453,
            "max": 44.13623809814453,
            "count": 1
        },
        "MoleculeBehaviour.Policy.GailValueEstimate.mean": {
            "value": 19.61369514465332,
            "min": 19.61369514465332,
            "max": 19.61369514465332,
            "count": 1
        },
        "MoleculeBehaviour.Policy.GailValueEstimate.sum": {
            "value": 3334.328125,
            "min": 3334.328125,
            "max": 3334.328125,
            "count": 1
        },
        "MoleculeBehaviour.Losses.PolicyLoss.mean": {
            "value": 0.2503291371422973,
            "min": 0.2503291371422973,
            "max": 0.2503291371422973,
            "count": 1
        },
        "MoleculeBehaviour.Losses.PolicyLoss.sum": {
            "value": 19.275343559956895,
            "min": 19.275343559956895,
            "max": 19.275343559956895,
            "count": 1
        },
        "MoleculeBehaviour.Losses.ValueLoss.mean": {
            "value": 135.19661000637075,
            "min": 135.19661000637075,
            "max": 135.19661000637075,
            "count": 1
        },
        "MoleculeBehaviour.Losses.ValueLoss.sum": {
            "value": 10410.138970490547,
            "min": 10410.138970490547,
            "max": 10410.138970490547,
            "count": 1
        },
        "MoleculeBehaviour.Policy.LearningRate.mean": {
            "value": 0.0002969950763263169,
            "min": 0.0002969950763263169,
            "max": 0.0002969950763263169,
            "count": 1
        },
        "MoleculeBehaviour.Policy.LearningRate.sum": {
            "value": 0.022868620877126402,
            "min": 0.022868620877126402,
            "max": 0.022868620877126402,
            "count": 1
        },
        "MoleculeBehaviour.Policy.Epsilon.mean": {
            "value": 0.19899835844155847,
            "min": 0.19899835844155847,
            "max": 0.19899835844155847,
            "count": 1
        },
        "MoleculeBehaviour.Policy.Epsilon.sum": {
            "value": 15.322873600000001,
            "min": 15.322873600000001,
            "max": 15.322873600000001,
            "count": 1
        },
        "MoleculeBehaviour.Policy.Beta.mean": {
            "value": 0.0005000000000000001,
            "min": 0.0005000000000000001,
            "max": 0.0005000000000000001,
            "count": 1
        },
        "MoleculeBehaviour.Policy.Beta.sum": {
            "value": 0.038500000000000006,
            "min": 0.038500000000000006,
            "max": 0.038500000000000006,
            "count": 1
        },
        "MoleculeBehaviour.Policy.GAILPolicyEstimate.mean": {
            "value": 0.24395763476391846,
            "min": 0.24395763476391846,
            "max": 0.24395763476391846,
            "count": 1
        },
        "MoleculeBehaviour.Policy.GAILPolicyEstimate.sum": {
            "value": 18.784737876821723,
            "min": 18.784737876821723,
            "max": 18.784737876821723,
            "count": 1
        },
        "MoleculeBehaviour.Policy.GAILExpertEstimate.mean": {
            "value": 0.7699435134046527,
            "min": 0.7699435134046527,
            "max": 0.7699435134046527,
            "count": 1
        },
        "MoleculeBehaviour.Policy.GAILExpertEstimate.sum": {
            "value": 59.28565053215826,
            "min": 59.28565053215826,
            "max": 59.28565053215826,
            "count": 1
        },
        "MoleculeBehaviour.Losses.GAILLoss.mean": {
            "value": 0.8229284762551419,
            "min": 0.8229284762551419,
            "max": 0.8229284762551419,
            "count": 1
        },
        "MoleculeBehaviour.Losses.GAILLoss.sum": {
            "value": 63.365492671645924,
            "min": 63.365492671645924,
            "max": 63.365492671645924,
            "count": 1
        },
        "MoleculeBehaviour.Policy.GAILGradMagLoss.mean": {
            "value": 4.658664106255251,
            "min": 4.658664106255251,
            "max": 4.658664106255251,
            "count": 1
        },
        "MoleculeBehaviour.Policy.GAILGradMagLoss.sum": {
            "value": 358.7171361816543,
            "min": 358.7171361816543,
            "max": 358.7171361816543,
            "count": 1
        },
        "MoleculeBehaviour.Losses.PretrainingLoss.mean": {
            "value": 0.4105718155451318,
            "min": 0.4105718155451318,
            "max": 0.4105718155451318,
            "count": 1
        },
        "MoleculeBehaviour.Losses.PretrainingLoss.sum": {
            "value": 31.614029796975146,
            "min": 31.614029796975146,
            "max": 31.614029796975146,
            "count": 1
        },
        "MoleculeBehaviour.Environment.EpisodeLength.mean": {
            "value": 269.06060606060606,
            "min": 269.06060606060606,
            "max": 269.06060606060606,
            "count": 1
        },
        "MoleculeBehaviour.Environment.EpisodeLength.sum": {
            "value": 8879.0,
            "min": 8879.0,
            "max": 8879.0,
            "count": 1
        },
        "MoleculeBehaviour.Environment.CumulativeReward.mean": {
            "value": 0.8484848484848485,
            "min": 0.8484848484848485,
            "max": 0.8484848484848485,
            "count": 1
        },
        "MoleculeBehaviour.Environment.CumulativeReward.sum": {
            "value": 28.0,
            "min": 28.0,
            "max": 28.0,
            "count": 1
        },
        "MoleculeBehaviour.Policy.ExtrinsicReward.mean": {
            "value": 0.8484848484848485,
            "min": 0.8484848484848485,
            "max": 0.8484848484848485,
            "count": 1
        },
        "MoleculeBehaviour.Policy.ExtrinsicReward.sum": {
            "value": 28.0,
            "min": 28.0,
            "max": 28.0,
            "count": 1
        },
        "MoleculeBehaviour.Policy.GailReward.mean": {
            "value": 106.90260138927084,
            "min": 106.90260138927084,
            "max": 106.90260138927084,
            "count": 1
        },
        "MoleculeBehaviour.Policy.GailReward.sum": {
            "value": 3527.7858458459377,
            "min": 3527.7858458459377,
            "max": 3527.7858458459377,
            "count": 1
        },
        "MoleculeBehaviour.IsTraining.mean": {
            "value": 1.0,
            "min": 1.0,
            "max": 1.0,
            "count": 1
        },
        "MoleculeBehaviour.IsTraining.sum": {
            "value": 1.0,
            "min": 1.0,
            "max": 1.0,
            "count": 1
        }
    },
    "metadata": {
        "timer_format_version": "0.1.0",
        "start_time_seconds": "1705765258",
        "python_version": "3.9.11 (tags/v3.9.11:2de452f, Mar 16 2022, 14:33:45) [MSC v.1929 64 bit (AMD64)]",