{"count":1,"self":67.4856896,"total":67.9824379,"children":{"InitializeActuators":{"count":13,"self":0.0009995,"total":0.0009995,"children":null},"InitializeSensors":{"count":13,"self":0.0015813,"total":0.0015813,"children":null},"AgentSendState":{"count":2487,"self":0.015226499999999999,"total":0.039784799999999995,"children":{"CollectObservations":{"count":733,"self":0.0075213999999999993,"total":0.0075213999999999993,"children":null},"WriteActionMask":{"count":733,"self":0.0041113999999999994,"total":0.0041113999999999994,"children":null},"RequestDecision":{"count":733,"self":0.0129255,"total":0.0129255,"children":null}}},"DecideAction":{"count":2487,"self":0.41230429999999996,"total":0.41230429999999996,"children":null},"AgentAct":{"count":2487,"self":0.0410539,"total":0.0410539,"children":null}},"gauges":{},"metadata":{"timer_format_version":"0.1.0","start_time_seconds":"1706961246","unity_version":"2022.3.17f1","command_line_arguments":"D:\\Unity\\2022.3.17f1\\Editor\\Unity.exe -projectpath D:\\NeuroCellSharp -useHub -hubIPC -cloudEnvironment production -licensingIpc LicenseClient-PC -hubSessionId 268e3044-b950-4528-9a3e-ce165cafb2a2 -accessToken 2tnOlt_pRulrMXJl1Ru6GoWSM4qtTgNFW8eHl00zh_0011f","communication_protocol_version":"1.5.0","com.unity.ml-agents_version":"2.0.1","scene_name":"NeuroCell","end_time_seconds":"1706961314"}}